id,link,title,category,address,website,phone,plus_code,descriptions,name,email,created_at,mockup_url
107,https://www.google.com/maps/place/Archuleta+Sewer+%26+Camera+LLC/data=!4m7!3m6!1s0xa03acc5c9357d933:0xe17dfdaa8119be3d!8m2!3d41.5592006!4d-104.517944!16s%2Fg%2F11tfzqsvcp!19sChIJM9lXk1zMOqARPb4Zgar9feE?authuser=0&hl=en&rclk=1,Archuleta Sewer & Camera LLC,Plumber,,http://www.archuletasewer.com/,+1 307-287-4500,,,,archuleta.sewer.camera@gmail.com,2025-12-04 10:49:31,
108,https://www.google.com/maps/place/Walter+Plumbing+%26+Heating/data=!4m7!3m6!1s0x876f3af4668aaae7:0x387b166028f31419!8m2!3d41.1517164!4d-104.8189022!16s%2Fg%2F1tfctqft!19sChIJ56qKZvQ6b4cRGRTzKGAWezg?authuser=0&hl=en&rclk=1,Walter Plumbing & Heating,Plumber,"3912 Evans Ave, Cheyenne, WY 82001, United States",http://walterplumbingandheating.com/,+1 307-638-3939,"552J+MC Cheyenne, Wyoming, USA",,,walterplumbingheating@gmail.com,2025-12-04 10:49:31,
109,https://www.google.com/maps/place/J+S+Plumbing+LLC/data=!4m7!3m6!1s0xd40ab5fa6ccd259:0x38bc608403bbc41f!8m2!3d41.5535625!4d-104.705547!16s%2Fg%2F11pz88pkzc!19sChIJWdLMpl-rQA0RH8S7A4RgvDg?authuser=0&hl=en&rclk=1,J S Plumbing LLC,Plumber,,https://www.jsplumbingllc.com/,+1 307-214-0779,,,,jsplumbingllc39@gmail.com,2025-12-04 10:49:31,
110,https://www.google.com/maps/place/Brent%27s+Plumbing+%26+Heating/data=!4m7!3m6!1s0x876f3a0b50f18697:0xfc33cc0b18031182!8m2!3d41.1360333!4d-104.8249353!16s%2Fg%2F1tcxk7yq!19sChIJl4bxUAs6b4cRghEDGAvMM_w?authuser=0&hl=en&rclk=1,Brent's Plumbing & Heating,Plumber,"706 W 22nd St, Cheyenne, WY 82001, United States",https://www.brentsplumbingandheating.com/,+1 307-635-4421,"45PG+C2 Cheyenne, Wyoming, USA",,,brentschey@gmail.com,2025-12-04 10:49:31,
112,https://www.google.com/maps/place/Radiant+307+Plumbing/data=!4m7!3m6!1s0x2f848e1c7965251f:0xe0d668fc7a3b3659!8m2!3d41.1186005!4d-104.781072!16s%2Fg%2F11xdg99jb7!19sChIJHyVleRyOhC8RWTY7evxo1uA?authuser=0&hl=en&rclk=1,Radiant 307 Plumbing,Plumber,,https://www.plumbingcheyenne.com/,+1 307-421-5200,,,,radiant307plumbing@gmail.com,2025-12-04 10:49:31,
115,https://www.google.com/maps/place/Forever+West+Plumbing/data=!4m7!3m6!1s0x4f8671f122cc339:0xddccab74113f3e38!8m2!3d41.1900555!4d-104.875213!16s%2Fg%2F11ln_ymc1w!19sChIJOcMsEh9n-AQROD4_EXSrzN0?authuser=0&hl=en&rclk=1,Forever West Plumbing,Plumber,,https://foreverwestplumbing.com/,+1 307-317-0693,,,,support@foreverwestplumbing.com,2025-12-04 10:49:31,
116,https://www.google.com/maps/place/Eagle+Mechanical+%26+Plumbing+LLC./data=!4m7!3m6!1s0x876f3b1596aa31df:0x4379db79aab1ec53!8m2!3d41.1260209!4d-104.7583894!16s%2Fg%2F11mdn8czzh!19sChIJ3zGqlhU7b4cRU-yxqnnbeUM?authuser=0&hl=en&rclk=1,Eagle Mechanical & Plumbing LLC.,Mechanical contractor,"311 Lexington Ave, Cheyenne, WY 82007, United States",http://eaglemechanicalllc.com/,+1 307-369-1419,"46GR+CJ Cheyenne, Wyoming, USA",,,tadsit@eaglemechanicalllc.com,2025-12-04 10:49:31,
119,https://www.google.com/maps/place/Allen%27s+Service+LLC/data=!4m7!3m6!1s0xa74409cbbd80cbb5:0x94f9a85aa017b174!8m2!3d41.3273515!4d-104.66646!16s%2Fg%2F11mchtvfsj!19sChIJtcuAvcsJRKcRdLEXoFqo-ZQ?authuser=0&hl=en&rclk=1,Allen's Service LLC,Plumber,,https://allensservice.com/,+1 307-640-4111,,,,allensservice15@gmail.com,2025-12-04 10:49:31,
120,https://www.google.com/maps/place/Plumbing+Done+Right/data=!4m7!3m6!1s0x6b520e70167133e5:0x8e2a22e48b4408d0!8m2!3d41.1186005!4d-104.781072!16s%2Fg%2F11m6mg9f6h!19sChIJ5TNxFnAOUmsR0AhEi-QiKo4?authuser=0&hl=en&rclk=1,Plumbing Done Right,Plumber,,https://plumbing-done-right.com/?utm_campaign=gmb,+1 307-296-1244,,,,john@example.com,2025-12-04 10:49:31,
123,https://www.google.com/maps/place/B+%26+B+Sewer+%26+Septic+Tank+Services/data=!4m7!3m6!1s0x876f3b63fced32b3:0x18d097df39d75538!8m2!3d41.1488194!4d-104.7572728!16s%2Fg%2F1tf_1kx7!19sChIJszLt_GM7b4cROFXXOd-X0Bg?authuser=0&hl=en&rclk=1,B & B Sewer & Septic Tank Services,Septic system service,"4303 Charles St, Cheyenne, WY 82001, United States",http://bnbsewercheyenne.com/,+1 307-634-7747,"46XV+G3 Cheyenne, Wyoming, USA",,,your@email.com,2025-12-04 10:49:31,
126,https://www.google.com/maps/place/Wyoming+All-Service/data=!4m7!3m6!1s0x2f2d5afa09619107:0x5a542b2c35d313ab!8m2!3d41.1459772!4d-104.7680971!16s%2Fg%2F11spf6w7r2!19sChIJB5FhCfpaLS8RqxPTNSwrVFo?authuser=0&hl=en&rclk=1,Wyoming All-Service,Handyman/Handywoman/Handyperson,"3406 E Pershing Blvd, Cheyenne, WY 82009, United States",https://wyomingallservice.com/,+1 307-214-9069,"46WJ+9Q Cheyenne, Wyoming, USA",,,Wyomingallservice@Gmail.com,2025-12-04 10:49:31,
130,https://www.google.com/maps/place/Home+Tech/data=!4m7!3m6!1s0x876f3aeb65d2a647:0xc0f12e8ee5c56e43!8m2!3d41.1400897!4d-104.8201739!16s%2Fg%2F1tfshx8t!19sChIJR6bSZes6b4cRQ27F5Y4u8cA?authuser=0&hl=en&rclk=1,Home Tech,Roofing contractor,"918 Sterling Dr, Cheyenne, WY 82009, United States",https://www.hometechcheyenne.com/,+1 307-632-6677,,,,"hometech.cheyenne@outlook.com, HomeTech.Cheyenne@outlook.com",2025-12-04 10:49:31,
131,"https://www.google.com/maps/place/Tolman+Construction,+LLC/data=!4m7!3m6!1s0x876f3b2b5bb91239:0xe0b05133cf951877!8m2!3d41.1456812!4d-104.8060807!16s%2Fg%2F11ls6n0f12!19sChIJORK5Wys7b4cRdxiVzzNRsOA?authuser=0&hl=en&rclk=1","Tolman Construction, LLC",Contractor,"1217 E Pershing Blvd, Cheyenne, WY 82001, United States",https://tolmanconstruction.com/,+1 307-214-0598,"45WV+7H Cheyenne, Wyoming, USA",,,tolmanconstruction1@gmail.com,2025-12-04 10:49:31,
136,https://www.google.com/maps/place/Get-R-Done+Construction/data=!4m7!3m6!1s0x876f3beeb44b0427:0x7fdfd41fe6379de3!8m2!3d41.755889!4d-104.66646!16s%2Fg%2F11g_b34nj!19sChIJJwRLtO47b4cR45035h_U338?authuser=0&hl=en&rclk=1,Get-R-Done Construction,Handyman/Handywoman/Handyperson,,https://www.get-r-doneconstructionwy.com/,+1 307-286-7115,,,,"email@domain.com, john@smith.com",2025-12-04 10:49:31,
137,https://www.google.com/maps/place/EJ+Services/data=!4m7!3m6!1s0x876f3ae3d660ec77:0x4ae05060f86eb1dd!8m2!3d41.1356696!4d-104.7937959!16s%2Fg%2F11c2pw_f4t!19sChIJd-xg1uM6b4cR3bFu-GBQ4Eo?authuser=0&hl=en&rclk=1,EJ Services,General contractor,"1108 Logan Ave, Cheyenne, WY 82001, United States",https://www.blueprintrehab.com/,+1 307-655-6630,"46P4+7F Cheyenne, Wyoming, USA",,,ej_services@blueprintrehab.com,2025-12-04 10:49:31,
138,https://www.google.com/maps/place/The+Wyoming+Handyman/data=!4m7!3m6!1s0x258c61efdb619877:0x9e2cfa723deedfd8!8m2!3d41.1186005!4d-104.781072!16s%2Fg%2F11j_688kcs!19sChIJd5hh2-9hjCUR2N_uPXL6LJ4?authuser=0&hl=en&rclk=1,The Wyoming Handyman,Handyman/Handywoman/Handyperson,,https://thewyominghandyman.net/,+1 307-630-1888,,,,"office@thewyominghandman.net, thewyominghandyman@gmail.com, office@thewyominghandyman.net",2025-12-04 10:49:31,
145,https://www.google.com/maps/place/RRC+LLC/data=!4m7!3m6!1s0x8765e500b116789b:0xa5ffd6f5db720ee5!8m2!3d41.7737333!4d-104.8952955!16s%2Fg%2F11c5ztl_01!19sChIJm3gWsQDlZYcR5Q5y2_XW_6U?authuser=0&hl=en&rclk=1,RRC LLC,Concrete contractor,"306 Diamond Rd, Chugwater, WY 82210, United States",https://rrcmasonry.com/,+1 307-365-4356,"Q4F3+FV Chugwater, Wyoming, USA",,,admin@rrcmasonry.com,2025-12-04 10:49:31,
146,https://www.google.com/maps/place/Morandin+Concrete/data=!4m7!3m6!1s0x876f3abd8f3d554d:0x75a6dde2d3d3f5dd!8m2!3d41.1335843!4d-104.8302644!16s%2Fg%2F1tlbpn64!19sChIJTVU9j706b4cR3fXT0-LdpnU?authuser=0&hl=en&rclk=1,Morandin Concrete,Concrete contractor,"1209 W 22nd St, Cheyenne, WY 82001, United States",https://www.morandinconcrete.com/,+1 307-638-6297,,,,admin@morandinconcrete.com,2025-12-04 10:49:31,
147,https://www.google.com/maps/place/All+Seasons+Roofing+and+Restoration/data=!4m7!3m6!1s0x876f3b62cb3e9e55:0xbcaea7ae86defcf6!8m2!3d41.1331231!4d-104.815313!16s%2Fg%2F11p3_pcjln!19sChIJVZ4-y2I7b4cR9vzehq6nrrw?authuser=0&hl=en&rclk=1,All Seasons Roofing and Restoration,Roofing contractor,"1607 Capitol Ave #328, Cheyenne, WY 82001, United States",https://myallseasonscheyenne.com/,+1 307-365-5470,"45MM+6V Cheyenne, Wyoming, USA",,,tim@myallseasons.com,2025-12-04 10:49:31,
150,https://www.google.com/maps/place/Kotch+Electric+%26+Home+Service+LLC/data=!4m7!3m6!1s0x876f196a78356ee3:0xf5b76022f23ed68d!8m2!3d41.1891436!4d-105.027997!16s%2Fg%2F11g0lcxsl_!19sChIJ4241eGoZb4cRjdY-8iJgt_U?authuser=0&hl=en&rclk=1,Kotch Electric & Home Service LLC,Electrician,,https://www.kotchelectric.com/,+1 307-287-1632,,,,KOTCHELECTRIC@YAHOO.COM,2025-12-04 10:49:31,
151,https://www.google.com/maps/place/Cheyenne+Depot+Plaza/data=!4m7!3m6!1s0x876f3ac395e2856f:0xdab9546fdc016301!8m2!3d41.1324209!4d-104.814467!16s%2Fg%2F11g70w0rqs!19sChIJb4XilcM6b4cRAWMB3G9Uudo?authuser=0&hl=en&rclk=1,Cheyenne Depot Plaza,Museum,"1 Depot Square Capitol &, W 15th St, Cheyenne, WY 82007, United States",https://www.cheyenne.org/listing/cheyenne-depot/83/,+1 800-426-5009,"45JP+X6 Cheyenne, Wyoming, USA",,,info@cheyennedepotmuseum.org,2025-12-04 10:49:31,
154,https://www.google.com/maps/place/Capital+City+Garage+Doors/data=!4m7!3m6!1s0x876f3b25997d670f:0x228b0737afe9444!8m2!3d41.1121173!4d-104.7988165!16s%2Fg%2F11fmf3q9m3!19sChIJD2d9mSU7b4cRRJT-enOwKAI?authuser=0&hl=en&rclk=1,Capital City Garage Doors,Garage door supplier,"605 S Greeley Hwy, Cheyenne, WY 82007, United States",http://capitalcitydoors.net/,+1 307-640-5333,"4662+RF Cheyenne, Wyoming, USA",,,capitalcitydoorswi@hotmail.com,2025-12-04 10:49:31,
155,https://www.google.com/maps/place/The+Family+Farm+WY/data=!4m7!3m6!1s0x876f01536b60de4b:0x2176f83ee245ffd9!8m2!3d41.082299!4d-104.377704!16s%2Fg%2F11f910vc3b!19sChIJS95ga1MBb4cR2f9F4j74diE?authuser=0&hl=en&rclk=1,The Family Farm WY,Farm,"4761 Co Rd 206, Carpenter, WY 82054, United States",http://thefamilyfarmwy.square.site/,+1 970-370-8971,"3JJC+WW Carpenter, Wyoming, USA",,,thefamilyfarm.wy@gmail.com,2025-12-04 10:49:31,
156,https://www.google.com/maps/place/LOCAL+%7C+Home+Design/data=!4m7!3m6!1s0x876f3d59ef0df40d:0x585d22c805960163!8m2!3d41.1186005!4d-104.781072!16s%2Fg%2F11jfpscfsl!19sChIJDfQN71k9b4cRYwGWBcgiXVg?authuser=0&hl=en&rclk=1,LOCAL | Home Design,Interior designer,,http://www.localhomedesignwy.com/,+1 307-421-3231,,,,localhomedesign@gmail.com,2025-12-04 10:49:31,
164,https://www.google.com/maps/place/Marv%27s+Plumbing+%26+Heating/data=!4m7!3m6!1s0x876f3b1f9fce35e7:0x8ee0ab54afa56bad!8m2!3d41.1398143!4d-104.7959042!16s%2Fg%2F11bzx2t_bh!19sChIJ5zXOnx87b4cRrWulr1Sr4I4?authuser=0&hl=en&rclk=1,Marv's Plumbing & Heating,Plumber,"1515 Logan Ave, Cheyenne, WY 82001, United States",https://www.marvsplumbing.com/?utm_source=Organic&utm_medium=Listing,+1 307-313-2572,"46Q3+WJ Cheyenne, Wyoming, USA",,,contact@marvsplumbing.com,2025-12-04 10:50:07,
165,"https://www.google.com/maps/place/Bull+Ridge+Plumbing+%26+Heating,+Inc/data=!4m7!3m6!1s0x876f3c0b0a8ffb8f:0x569d76a07b065c60!8m2!3d41.1099743!4d-104.7808304!16s%2Fg%2F11byyf7t6p!19sChIJj_uPCgs8b4cRYFwGe6B2nVY?authuser=0&hl=en&rclk=1","Bull Ridge Plumbing & Heating, Inc",Plumber,"1703 E Allison Rd, Cheyenne, WY 82007, United States",https://brp307.com/?utm_source=NEXT&utm_medium=Google,+1 307-421-7877,"4659+XM Cheyenne, Wyoming, USA",,,bullridgeplumbing@hotmail.com,2025-12-04 10:50:07,
166,https://www.google.com/maps/place/Merritt+Plumbing+%26+Heating+Inc./data=!4m7!3m6!1s0x876f3b6ead0501fd:0x34807b025c3909ce!8m2!3d41.1652355!4d-104.7679576!16s%2Fg%2F1tfrh7zh!19sChIJ_QEFrW47b4cRzgk5XAJ7gDQ?authuser=0&hl=en&rclk=1,Merritt Plumbing & Heating Inc.,Plumber,"5113 Ridge Rd Ste 3, Cheyenne, WY 82001, United States",https://merrittplumbingandheating.com/?utm_source=Next&utm_medium=Google_Website,+1 307-638-0749,"568J+3R Cheyenne, Wyoming, USA",,,doug@merrittplumbingandheating.com,2025-12-04 10:50:07,
168,https://www.google.com/maps/place/All+Around+Plumbing+%26+Heating/data=!4m7!3m6!1s0x876f333fc8a54d5f:0x244049b40f50711a!8m2!3d41.1348795!4d-104.835557!16s%2Fg%2F11fy185pk6!19sChIJX02lyD8zb4cRGnFQD7RJQCQ?authuser=0&hl=en&rclk=1,All Around Plumbing & Heating,Plumber,"2300 Missile Dr, Cheyenne, WY 82001, United States",http://www.aaphwyo.com/,+1 307-514-0114,"45M7+XQ Cheyenne, Wyoming, USA",,,"eben@eyebytes.com, info@silverspurplumbing.com",2025-12-04 10:50:07,
169,https://www.google.com/maps/place/Jackalope+Plumbing/data=!4m7!3m6!1s0x876f255de784a837:0x81de2ac4124aac48!8m2!3d41.1027454!4d-104.8080273!16s%2Fg%2F11vwxdh6g8!19sChIJN6iE510lb4cRSKxKEsQq3oE?authuser=0&hl=en&rclk=1,Jackalope Plumbing,Plumber,"704 W College Dr, Cheyenne, WY 82007, United States",http://www.jackalopeplumbing.com/,+1 307-635-5025,"453R+3Q Cheyenne, Wyoming, USA",,,office@aaphwyo.com,2025-12-04 10:50:07,
172,https://www.google.com/maps/place/Whitt+Home+Remodels/data=!4m7!3m6!1s0xa84b89b12633d799:0x8a1b4b9ad8b8f876!8m2!3d41.1398192!4d-104.7436341!16s%2Fg%2F11wfljn6hf!19sChIJmdczJrGJS6gRdvi42JpLG4o?authuser=0&hl=en&rclk=1,Whitt Home Remodels,Remodeler,"5701 Continental Pl, Cheyenne, WY 82001, United States",https://whitthomeremodels.com/,+1 540-840-6033,"47Q4+WG Cheyenne, Wyoming, USA",,,"impallari@gmail.com, hello@rfuenzalida.com, sebastian@aldusleaf.org",2025-12-04 10:50:07,
173,https://www.google.com/maps/place/High+Plains+Craftsmen/data=!4m7!3m6!1s0x4b01abb63602223b:0xa3898d2a83c9b82b!8m2!3d40.9039695!4d-104.875213!16s%2Fg%2F11vhgfy_hy!19sChIJOyICNrarAUsRK7jJgyqNiaM?authuser=0&hl=en&rclk=1,High Plains Craftsmen,Handyman/Handywoman/Handyperson,,https://www.highplainscraftsmen.com/,+1 307-214-6940,,,,micah@micahrich.com,2025-12-04 10:50:07,
